{"0": [1.6606, 1.6185, 1.57641, 1.53432, 1.49225, 1.4502, 1.40819, 1.36623, 1.32431, 1.28246, 1.24068, 1.19898, 1.15737, 1.11585, 1.07445, 1.03316, 0.992, 0.95097, 0.91009, 0.86936, 0.8288, 0.7884, 0.74819, 0.70817, 0.66835, 0.62873, 0.58933, 0.55016, 0.51123, 0.47254, 0.4341, 0.39593, 0.35803, 0.32042, 0.28309, 0.24606, 0.20934, 0.17294, 0.13687, 0.10114, 0.06575, 0.03071, -0.00396, -0.03826, -0.07217, -0.1057, -0.13882, -0.17154, -0.20383, -0.2357, -0.26713, -0.29811, -0.32864, -0.35871, -0.3883, -0.4174, -0.44602, -0.47413, -0.50174, -0.52882, -0.55538, -0.58139, -0.60687, -0.63178, -0.65613, -0.67991, -0.7031, -0.7257, -0.74769, -0.76908, -0.78985, -0.80998, -0.82948, -0.84833, -0.86653, -0.88406, -0.90091, -0.91708, -0.93256, -0.94733, -0.96139, -0.97474, -0.98735, -0.99922, -1.01034, -1.02071, -1.03031, -1.03914, -1.04718, -1.05443, -1.06087, -1.0665, -1.07131, -1.07529, -1.07843, -1.08072, -1.08215, -1.08272, -1.08241, -1.08122, -1.07913, -1.07613, -1.07223, -1.0674, -1.06164, -1.05494, -1.04729, -1.03868, -1.02911, -1.01856, -1.00702, -0.99448, -0.98095, -0.9664, -0.95082, -0.93422, -0.91657, -0.89788, -0.87812, -0.8573, -0.8354, -0.81241, -0.78832, -0.76314, -0.73683, -0.70941, -0.68085, -0.65115, -0.6203, -0.58829, -0.55511, -0.52076, -0.48521, -0.44847, -0.41053, -0.37137, -0.33098, -0.28936, -0.24651, -0.20239, -0.15702, -0.11038, -0.06246, -0.01326, 0.03725, 0.08906, 0.14218, 0.19663, 0.25242, 0.30954, 0.36802, 0.42786, 0.48907, 0.55166, 0.61563, 0.68101, 0.74779, 0.81599, 0.88561, 0.95667, 1.02917, 1.10312, 1.17853, 1.25542, 1.33378, 1.41364, 1.49499, 1.57785, 1.66223, 1.74813, 1.83556, 1.92454, 2.01508, 2.10717, 2.20084, 2.29609, 2.39293, 2.49136, 2.59141, 2.69307, 2.79636, 2.90128, 3.00785, 3.11607, 3.22595, 3.33751, 3.45075, 3.56568, 3.6823, 3.80064], "1": [2.01279, 1.97846, 1.94424, 1.91013, 1.87615, 1.84228, 1.80854, 1.77493, 1.74145, 1.70811, 1.67491, 1.64186, 1.60895, 1.57619, 1.54359, 1.51115, 1.47886, 1.44675, 1.4148, 1.38303, 1.35143, 1.32001, 1.28878, 1.25773, 1.22688, 1.19622, 1.16576, 1.1355, 1.10544, 1.0756, 1.04597, 1.01655, 0.98736, 0.95839, 0.92964, 0.90113, 0.87285, 0.84481, 0.81701, 0.78946, 0.76216, 0.73511, 0.70831, 0.68178, 0.65551, 0.62951, 0.60378, 0.57832, 0.55314, 0.52824, 0.50363, 0.47931, 0.45528, 0.43154, 0.40811, 0.38498, 0.36216, 0.33964, 0.31745, 0.29557, 0.27401, 0.25278, 0.23187, 0.2113, 0.19107, 0.17118, 0.15162, 0.13242, 0.11357, 0.09507, 0.07693, 0.05915, 0.04174, 0.02469, 0.00802, -0.00828, -0.02419, -0.03972, -0.05487, -0.06962, -0.08399, -0.09795, -0.11151, -0.12466, -0.13741, -0.14975, -0.16166, -0.17316, -0.18424, -0.19489, -0.2051, -0.21489, -0.22423, -0.23314, -0.2416, -0.24961, -0.25716, -0.26426, -0.27091, -0.27709, -0.2828, -0.28804, -0.29281, -0.2971, -0.3009, -0.30423, -0.30706, -0.3094, -0.31125, -0.31259, -0.31344, -0.31377, -0.3136, -0.31291, -0.31171, -0.30998, -0.30773, -0.30495, -0.30163, -0.29778, -0.2934, -0.28846, -0.28299, -0.27696, -0.27038, -0.26323, -0.25553, -0.24727, -0.23843, -0.22903, -0.21904, -0.20848, -0.19734, -0.1856, -0.17328, -0.16037, -0.14685, -0.13274, -0.11802, -0.10269, -0.08675, -0.07019, -0.05302, -0.03522, -0.0168, 0.00226, 0.02195, 0.04227, 0.06324, 0.08485, 0.10711, 0.13002, 0.15359, 0.17782, 0.20271, 0.22826, 0.25449, 0.28139, 0.30897, 0.33723, 0.36617, 0.3958, 0.42612, 0.45714, 0.48886, 0.52128, 0.55441, 0.58825, 0.6228, 0.65807, 0.69406, 0.73077, 0.76821, 0.80638, 0.84529, 0.88494, 0.92533, 0.96647, 1.00836, 1.051, 1.0944, 1.13855, 1.18348, 1.22917, 1.27563, 1.32287, 1.37089, 1.41969, 1.46927, 1.51965], "2": [-2.65409, -2.44952, -2.24272, -2.03501, -1.82777, -1.62236, -1.42014, -1.22242, -1.03051, -0.84566, -0.66905, -0.5018, -0.34495, -0.19944, -0.06614, 0.05421, 0.16097, 0.25364, 0.33181, 0.39522, 0.44373, 0.47733, 0.49614, 0.50041, 0.49052, 0.46696, 0.43036, 0.38145, 0.32107, 0.25015, 0.16972, 0.08089, -0.01516, -0.1172, -0.22393, -0.33403, -0.44614, -0.55891, -0.67098, -0.78098, -0.88759, -0.98952, -1.08554, -1.17444, -1.25513, -1.32656, -1.3878, -1.438, -1.47641, -1.50242, -1.51551, -1.5153, -1.50153, -1.47406, -1.43291, -1.3782, -1.31018, -1.22925, -1.13592, -1.0308, -0.91464, -0.78828, -0.65267, -0.50884, -0.3579, -0.20104, -0.03951, 0.12542, 0.2924, 0.46009, 0.62713, 0.79215, 0.9538, 1.11076, 1.26173, 1.40549, 1.54084, 1.66668, 1.78198, 1.88582, 1.97733, 2.05581, 2.12062, 2.17127, 2.20739, 2.22871, 2.23512, 2.22663, 2.20338, 2.16563, 2.11379, 2.04836, 1.96998, 1.8794, 1.77747, 1.66514, 1.54345, 1.41351, 1.27653, 1.13374, 0.98643, 0.83595, 0.68363, 0.53085, 0.37896, 0.22932, 0.08325, -0.05797, -0.19309, -0.32095, -0.44045, -0.55055, -0.65034, -0.73897, -0.81573, -0.88001, -0.9313, -0.96926, -0.99362, -1.00429, -1.00128, -0.98473, -0.95493, -0.91228, -0.8573, -0.79063, -0.71303, -0.62536, -0.52858, -0.42373, -0.31193, -0.19438, -0.07232, 0.05294, 0.18007, 0.30773, 0.43454, 0.55914, 0.68019, 0.79637, 0.90639, 1.00901, 1.10308, 1.1875, 1.26124, 1.32338, 1.37311, 1.40969, 1.43254, 1.44117, 1.43522, 1.41445, 1.37876, 1.32819, 1.26288, 1.18313, 1.08934, 0.98204, 0.8619, 0.72966, 0.58621, 0.43249, 0.26956, 0.09855, -0.07935, -0.26287, -0.45073, -0.64158, -0.83407, -1.02684, -1.21852, -1.40777, -1.59328, -1.77375, -1.94797, -2.11476, -2.27305, -2.4218, -2.56012, -2.68718, -2.80227, -2.9048, -2.9943, -3.07041, -3.13291, -3.18171, -3.21684, -3.23847, -3.24689, -3.24252], "3": [0.22607, 0.37179, 0.4624, 0.53021, 0.58462, 0.62994, 0.66857, 0.702, 0.73125, 0.75703, 0.77989, 0.80023, 0.81837, 0.83458, 0.84906, 0.86198, 0.87351, 0.88376, 0.89285, 0.90085, 0.90787, 0.91396, 0.9192, 0.92363, 0.92732, 0.9303, 0.93261, 0.9343, 0.9354, 0.93593, 0.93594, 0.93543, 0.93444, 0.93299, 0.9311, 0.92878, 0.92606, 0.92296, 0.91948, 0.91565, 0.91147, 0.90696, 0.90213, 0.89699, 0.89155, 0.88582, 0.87982, 0.87355, 0.86701, 0.86023, 0.8532, 0.84592, 0.83842, 0.8307, 0.82275, 0.8146, 0.80623, 0.79767, 0.78891, 0.77995, 0.77082, 0.7615, 0.752, 0.74233, 0.73249, 0.72249, 0.71232, 0.702, 0.69152, 0.6809, 0.67012, 0.6592, 0.64814, 0.63694, 0.62561, 0.61414, 0.60254, 0.59082, 0.57897, 0.567, 0.5549, 0.54269, 0.53036, 0.51792, 0.50536, 0.4927, 0.47993, 0.46705, 0.45407, 0.44098, 0.42779, 0.41451, 0.40112, 0.38764, 0.37407, 0.3604, 0.34664, 0.3328, 0.31886, 0.30483, 0.29072, 0.27653, 0.26225, 0.24789, 0.23344, 0.21892, 0.20432, 0.18964, 0.17488, 0.16005, 0.14514, 0.13016, 0.11511, 0.09999, 0.08479, 0.06953, 0.0542, 0.03879, 0.02333, 0.00779, -0.00781, -0.02347, -0.0392, -0.05499, -0.07085, -0.08676, -0.10274, -0.11877, -0.13487, -0.15102, -0.16723, -0.1835, -0.19983, -0.21621, -0.23265, -0.24914, -0.26569, -0.28229, -0.29894, -0.31565, -0.3324, -0.34921, -0.36607, -0.38298, -0.39994, -0.41695, -0.434, -0.45111, -0.46826, -0.48546, -0.50271, -0.52, -0.53734, -0.55473, -0.57216, -0.58963, -0.60715, -0.62471, -0.64231, -0.65996, -0.67765, -0.69538, -0.71316, -0.73097, -0.74883, -0.76672, -0.78466, -0.80264, -0.82065, -0.83871, -0.8568, -0.87493, -0.8931, -0.91131, -0.92955, -0.94784, -0.96615, -0.98451, -1.0029, -1.02133, -1.03979, -1.05829, -1.07682, -1.09539, -1.11399, -1.13263, -1.1513, -1.17, -1.18874, -1.20751],